shell,r_mpc,n_in_shell,fill,alpha,omega_base,omega_eff,trichter_depth,drift_ticks
0,0.0,13,1.0,1.5,1.0,2.5,0.0,0.0
1,500.0,13,1.0,1.5,0.5,1.25,0.0009372070922755715,0.0
2,1000.0,13,1.0,1.5,0.3106420745900706,0.7766051864751765,0.003745316403809873,24963.860061945394
3,1500.0,13,1.0,1.5,0.22038844650494852,0.5509711162623713,0.008413813963378591,15102.800112398341
4,2000.0,13,1.0,1.5,0.1687884029048977,0.42197100726224424,0.01492524937624784,82493.10494242236
5,2500.0,13,1.0,1.5,0.13577270582257864,0.3394317645564466,0.02325534449188732,94842.8023818573
6,3000.0,13,1.0,1.5,0.11299336227041203,0.2824834056760301,0.03337314420999549,116381.92507361993
7,3500.0,13,1.0,1.5,0.09640730953548461,0.24101827383871152,0.04524120811394666,119516.19473964162
8,4000.0,13,1.0,1.5,0.08383408793542055,0.20958521983855138,0.058815841271515235,19469.33892915072
9,4500.0,13,1.0,1.5,0.0740000601301996,0.185000150325499,0.07404736221195235,25922.337862160522
10,5000.0,13,1.0,1.5,0.0661140613371956,0.16528515334298902,0.09088040577978629,108114.70479016518
11,5500.0,13,1.0,1.5,0.05966000949159334,0.14915002372898337,0.10925425828237034,116381.16903314926
12,6000.0,13,1.0,1.5,0.05428760096293829,0.13571900240734572,0.12910322209315772,37101.92543904064
13,6500.0,13,1.0,1.5,0.04975108181223893,0.12437770453059732,0.15035700664851914,119922.06085984944
14,7000.0,13,1.0,1.5,0.0458731815758062,0.1146829539395155,0.17294114258477467,98749.29966734536
15,7500.0,13,1.0,1.5,0.042522953690741695,0.10630738422685423,0.19677741560573525,98092.43949603708
16,8000.0,13,1.0,1.5,0.039601662614779196,0.099004156536948,0.22178431655068298,114112.64246261539
17,8500.0,13,1.0,1.5,0.03703351319450122,0.09258378298625304,0.24787750404919318,14262.993002207484
18,9000.0,13,1.0,1.5,0.03475939450022918,0.08689848625057295,0.27497027610283375,55445.25816891063
19,9500.0,13,1.0,1.5,0.032732556729938196,0.08183139182484549,0.3029740469244528,106241.80565999704
20,10000.0,13,1.0,1.5,0.03091556053506477,0.07728890133766192,0.3317988253928927,35596.99360331823
21,10500.0,13,1.0,1.5,0.02927808356826458,0.07319520892066145,0.36135369154352853,101531.88913412672
22,11000.0,13,1.0,1.5,0.027795316645419815,0.06948829161354954,0.39154726761158365,43881.911173922475
23,11500.0,13,1.0,1.5,0.026446773098617336,0.06611693274654334,0.4222881802738884,121050.53807424207
24,12000.0,13,1.0,1.5,0.025215392617217246,0.06303848154304312,0.45348551089345346,73174.46495740651
25,12500.0,13,1.0,1.5,0.024086858222019517,0.06021714555504879,0.4850492307574066,29297.04767211876
26,13000.0,13,1.0,1.5,0.02304906966945033,0.05762267417362583,0.5168906185097393,118547.82874822873
27,13500.0,13,1.0,1.5,0.02209173315261209,0.05522933288153022,0.5489226572128987,81326.58497355797
28,14000.0,13,1.0,1.5,0.021206038490311153,0.05301509622577788,0.5810604087233758,46890.77650329762
29,14500.0,13,1.0,1.5,0.02038440285361117,0.05096100713402793,0.6132213633327356,14945.582948402385
30,15000.0,13,1.0,1.5,0.01962026561018857,0.049050664025471424,0.6453257629036155,114835.9269241317
31,15500.0,13,1.0,1.5,0.018907922810360116,0.04726980702590029,0.6772968960166312,87140.03886680142
32,16000.0,13,1.0,1.5,0.018242392684801285,0.04560598171200321,0.7090613639354272,61264.22758507391
33,16500.0,13,1.0,1.5,0.017619305601345274,0.04404826400336319,0.7405493164899278,37038.601780304336
34,17000.0,13,1.0,1.5,0.017034813460515726,0.04258703365128931,0.7716946572688808,14313.547344851424
35,17500.0,13,1.0,1.5,0.01648551465079859,0.04121378662699647,0.8024352177989156,122556.8096230491
36,18000.0,13,1.0,1.5,0.015968391542693916,0.03992097885673479,0.8327129006655883,102451.0631799394
37,18500.0,13,1.0,1.5,0.015480758151236892,0.03870189537809223,0.8624737917994968,83491.8769200904
38,19000.0,13,1.0,1.5,0.015020216094095325,0.03755054023523831,0.8916682424050191,65586.00173842616
39,19500.0,13,1.0,1.5,0.014584617355553367,0.03646154338888342,0.9202509212483035,48649.92278391495
40,20000.0,13,1.0,1.5,0.01417203266404993,0.035430081660124825,0.9481808382428365,32608.629978261306
41,20500.0,13,1.0,1.5,0.013780724523272085,0.03445181130818021,0.9754213404735887,17394.56946481869
42,21000.0,13,1.0,1.5,0.013409124119510712,0.03352281029877678,1.001940081983009,2946.745766576496
43,21500.0,13,1.0,1.5,0.013055811472554659,0.03263952868138665,1.0277089688029406,118809.95005292515
44,22000.0,13,1.0,1.5,0.012719498312462468,0.03179874578115617,1.052704080855169,105734.09438854083
45,22500.0,13,1.0,1.5,0.012399013256640423,0.030997533141601058,1.0769055724592769,93273.63541817962
46,23000.0,13,1.0,1.5,0.012093288935750292,0.03023322233937573,1.1002975532797137,81387.07382197137
47,23500.0,13,1.0,1.5,0.011801350776888105,0.02950337694222026,1.1228679516145574,70036.51820540958
48,24000.0,13,1.0,1.5,0.011522307201162993,0.028805768002907482,1.1446083619768173,59187.30398121715
49,24500.0,13,1.0,1.5,0.011255341032550438,0.028138352581376095,1.165513878945947,48807.659345561115
50,25000.0,13,1.0,1.5,0.010999701947482423,0.02749925486870606,1.1855829192733531,38868.41171811655
51,25500.0,13,1.0,1.5,0.010754699821470246,0.026886749553675614,1.2048170342122622,29342.729058763187
52,26000.0,13,1.0,1.5,0.010519698851239523,0.026299247128098807,1.2232207140105162,20205.89133619261
53,26500.0,13,1.0,1.5,0.010294112349268391,0.02573528087317098,1.240801186456207,11435.088139555068
54,27000.0,13,1.0,1.5,0.010077398122957331,0.02519349530739333,1.257568211301991,3009.239020581066
55,27500.0,13,1.0,1.5,0.009869054363481526,0.024672635908703815,1.273533872316128,124508.8336521617
56,28000.0,13,1.0,1.5,0.00966861598013362,0.02417153995033405,1.2887123686184325,116715.78930759511
57,28500.0,13,1.0,1.5,0.00947565132501862,0.023689128312546548,1.3031198068591485,109213.32351672393
58,29000.0,13,1.0,1.5,0.009289759260607594,0.023224398151518985,1.316773995690015,101985.84005242324
59,29500.0,13,1.0,1.5,0.00911056652913189,0.022776416322829725,1.329694243861215,95018.82665264787
60,30000.0,13,1.0,1.5,0.008937725388299924,0.02234431347074981,1.3419011631572035,88298.76309710107
61,30500.0,13,1.0,1.5,0.00877091148250456,0.021927278706261398,1.3534164772602468,81813.03843977727
62,31000.0,13,1.0,1.5,0.008609821922692025,0.021524554806730063,1.364262837504456,75549.87635426596
63,31500.0,13,1.0,1.5,0.008454173551492146,0.021135433878730365,1.374463646356661,69498.26768201462
64,32000.0,13,1.0,1.5,0.008303701373154069,0.02075925343288517,1.3840428893350505,63647.90938823018
65,32500.0,13,1.0,1.5,0.008158157130366647,0.020395392825916618,1.393024975953363,57989.14922865527
66,33000.0,13,1.0,1.5,0.008017308012230145,0.020043270030575364,1.4014345901587457,52512.935515508056
67,33500.0,13,1.0,1.5,0.007880935479538227,0.019702338698845568,1.4092965506162032,47210.77144444629
68,34000.0,13,1.0,1.5,0.00774883419516969,0.019372085487924226,1.4166356810827754,42074.67350819759
69,34500.0,13,1.0,1.5,0.007620811048814703,0.019052027622036758,1.4234766910109595,37097.133577915665
70,35000.0,13,1.0,1.5,0.007496684266501512,0.01874171066625378,1.4298440664240615,32271.084281578776
71,35500.0,13,1.0,1.5,0.007376282596472308,0.01844070649118077,1.4357619710166585,27589.867350843328
72,36000.0,13,1.0,1.5,0.007259444563903731,0.01814861140975933,1.4412541573515194,23047.204644577112
73,36500.0,13,1.0,1.5,0.007146017787796729,0.017865044469491824,1.4463438879504409,18637.171589536825
74,37000.0,13,1.0,1.5,0.0070358583540882525,0.01758964588522063,1.451053866010656,14354.172806951217
75,37500.0,13,1.0,1.5,0.006928830239677184,0.01732207559919296,1.455406175420762,10192.91971864889
76,38000.0,13,1.0,1.5,0.006824804782620485,0.01706201195655121,1.4594222297004744,6148.409948284447
77,38500.0,13,1.0,1.5,0.006723660194252877,0.016809150485632193,1.463122729446731,2215.9083525518945
78,39000.0,13,1.0,1.5,0.006625281109422806,0.016563202773557016,1.4665276278345503,127990.92953435873
79,39500.0,13,1.0,1.5,0.006529558171426677,0.016323895428566694,1.4696561036942617,124269.22170506921
80,40000.0,13,1.0,1.5,0.0064363876485681835,0.01609096912142046,1.4725265416668987,120646.75177633102
81,40500.0,13,1.0,1.5,0.006345671079576121,0.0158641776989403,1.4751565189262827,117119.69157391958
82,41000.0,13,1.0,1.5,0.006257314945386447,0.015643287363466117,1.4775627979491337,113684.40507662506
83,41500.0,13,1.0,1.5,0.006171230365037213,0.015428075912593032,1.4797613248129784,110337.43659264685
84,42000.0,13,1.0,1.5,0.00608733281364145,0.015218332034103626,1.4817672325051277,107075.4997943796
85,42500.0,13,1.0,1.5,0.006005541860596563,0.015013854651491408,1.4835948487340924,103895.46753999437
86,43000.0,13,1.0,1.5,0.005925780926361796,0.014814452315904489,1.4852577077469304,100794.36241694662
87,43500.0,13,1.0,1.5,0.0058479770562903455,0.014619942640725863,1.4867685656716683,97769.34794856864
88,44000.0,13,1.0,1.5,0.005772060710141676,0.014430151775354191,1.4881394189226098,94817.7204103084
89,44500.0,13,1.0,1.5,0.0056979655660244315,0.014244913915061079,1.4893815252275076,91936.90120702994
90,45000.0,13,1.0,1.5,0.0056256283376325995,0.014064070844081499,1.4905054268587714,89124.4297671555
91,45500.0,13,1.0,1.5,0.005554988603738621,0.013887471509346553,1.4915209756756775,86377.95691335757
92,46000.0,13,1.0,1.5,0.005485988648998225,0.013714971622495561,1.4924373596104636,83695.23867305098
93,46500.0,13,1.0,1.5,0.005418573315203949,0.013546433288009873,1.4932631302578827,81074.13049512956
94,47000.0,13,1.0,1.5,0.005352689862198588,0.013381724655496469,1.4940062312548732,78512.5818422811
95,47500.0,13,1.0,1.5,0.005288287837726915,0.013220719594317287,1.494674027164136,76008.63113082244
96,48000.0,13,1.0,1.5,0.005225318955564899,0.013063297388912248,1.4952733326023333,73560.40099236328
97,48500.0,13,1.0,1.5,0.0051637369813206805,0.0129093424533017,1.495810441380026,71166.09383374805
98,49000.0,13,1.0,1.5,0.005103497625351601,0.012758744063379002,1.4962911554461886,68823.98767367026
99,49500.0,13,1.0,1.5,0.005044558442287031,0.012611396105717577,1.496720813454916,66532.43223611976
100,50000.0,13,1.0,1.5,0.004986878736687972,0.01246719684171993,1.4971043187956585,64289.845282428316
101,50500.0,13,1.0,1.5,0.004930419474412023,0.012326048686030057,1.4974461669508514,62094.709165139444
102,51000.0,13,1.0,1.5,0.004875143199286527,0.012187857998216317,1.4977504720660053,59945.567588260164
103,51500.0,13,1.0,1.5,0.004821013954723917,0.012052534886809792,1.4980209926371764,57841.0225596659
104,52000.0,13,1.0,1.5,0.00476799720994177,0.011919993024854424,1.4982611562391432,55779.73152253599
105,52500.0,13,1.0,1.5,0.004716059790476097,0.011790149476190242,1.498474083234578,53760.40465371063
106,53000.0,13,1.0,1.5,0.004665169812700169,0.011662924531750421,1.498662609420007,51781.80231778254
107,53500.0,13,1.0,1.5,0.004615296622082984,0.01153824155520746,1.4988293075784003,49842.73266658641
108,54000.0,13,1.0,1.5,0.0045664107349413655,0.011416026837353413,1.4989765079208655,47942.049374520284
109,54500.0,13,1.0,1.5,0.004518483783458002,0.011296209458645005,1.4991063174111754,46078.649500847125
110,55000.0,13,1.0,1.5,0.004471488463754471,0.011178721159386177,1.4992206379767679,44251.47147077383
111,55500.0,13,1.0,1.5,0.004425398486823686,0.011063496217059215,1.4993211836185172,42459.4931677049
112,56000.0,13,1.0,1.5,0.004380188532140372,0.01095047133035093,1.4994094964390174,40701.730129617674
113,56500.0,13,1.0,1.5,0.004335834203781118,0.010839585509452795,1.4994869616154416,38977.23384300986
114,57000.0,13,1.0,1.5,0.004292311988897599,0.010730779972243998,1.49955482134831,37285.09012833866
115,57500.0,13,1.0,1.5,0.00424959921839752,0.010623998045993802,1.499614187821799,35624.41761129559
116,58000.0,13,1.0,1.5,0.004207674029698002,0.010519185074245005,1.4996660552146217,33994.3662746583
117,58500.0,13,1.0,1.5,0.0041665153314255285,0.010416288328563821,1.4997113108031241,32394.116085824557
118,59000.0,13,1.0,1.5,0.00412610276994517,0.010315256924862924,1.499750745200089,30822.875695468218
119,59500.0,13,1.0,1.5,0.004086416697609821,0.010216041744024552,1.4997850617739656,29279.881203069846
120,60000.0,13,1.0,1.5,0.004047438142627548,0.010118595356568871,1.49981488529387,27764.394985359075
121,60500.0,13,1.0,1.5,0.004009148780451971,0.010022871951129927,1.499840769845833,26275.704583972634
122,61000.0,13,1.0,1.5,0.003971530906606922,0.009928827266517306,1.4998632060654566,24813.12164887713
123,61500.0,13,1.0,1.5,0.003934567410862477,0.009836418527156192,1.4998826277314552,23375.980934333114
124,62000.0,13,1.0,1.5,0.003898241752684842,0.009745604381712106,1.4998994177635459,21963.63934438667
125,62500.0,13,1.0,1.5,0.0038625379378876674,0.009656344844719169,1.4999139136668909,20575.47502507252
126,63000.0,13,1.0,1.5,0.003827440496416937,0.009568601241042344,1.4999264124638159,19210.88650069054
127,63500.0,13,1.0,1.5,0.0037929344612059926,0.009482336153014982,1.4999371751518704,17869.29185168899
128,64000.0,13,1.0,1.5,0.0037590053480412115,0.009397513370103028,1.4999464307255375,16550.12793184229
129,64500.0,13,1.0,1.5,0.003725639136382623,0.009314097840956556,1.4999543797970263,15252.849622556358
130,65000.0,13,1.0,1.5,0.003692822251087216,0.00923205562771804,1.499961197849666,13976.929122270958
131,65500.0,13,1.0,1.5,0.003660541544985917,0.009151353862464792,1.4999670381554728,12721.855269052438
132,66000.0,13,1.0,1.5,0.003628784282268253,0.009071960705670632,1.4999720343865026,11487.132894589653
133,66500.0,13,1.0,1.5,0.003597538122631473,0.008993845306578683,1.4999763029476718,10272.28220791166
134,67000.0,13,1.0,1.5,0.0035667911061535644,0.00891697776538391,1.4999799450568188,9076.838207250577
135,67500.0,13,1.0,1.5,0.0035365316388520124,0.008841329097130032,1.4999830485959351,7900.350118566246
136,68000.0,13,1.0,1.5,0.0035067484788924167,0.008766871197231041,1.4999856897556902,6742.380859337165
137,68500.0,13,1.0,1.5,0.003477430723413234,0.008693576808533086,1.4999879344936575,5602.5065263065335
138,69000.0,13,1.0,1.5,0.003448567795934868,0.008621419489837169,1.4999898398250036,4480.315905947646
139,69500.0,13,1.0,1.5,0.0034201494343231976,0.008550373585807994,1.4999914549628335,3375.4100064859085
140,70000.0,13,1.0,1.5,0.0033921656792793623,0.008480414198198406,1.4999928223239118,2287.40161038161
141,70500.0,13,1.0,1.5,0.003364606863329246,0.008411517158323115,1.4999939784140826,1215.9148462410958
142,71000.0,13,1.0,1.5,0.0033374636002876166,0.008343659000719041,1.4999949546064126,160.5847791825363
143,71500.0,13,1.0,1.5,0.003310726775173305,0.008276816937933262,1.4999957778238686,128721.05701873807
144,72000.0,13,1.0,1.5,0.0032843875345531168,0.008210968836382792,1.4999964711372,127696.98734342518
145,72500.0,13,1.0,1.5,0.0032584372772934567,0.008146093193233641,1.4999970542876686,126688.04134116958
146,73000.0,13,1.0,1.5,0.0032328676456997705,0.008082169114249426,1.4999975441432891,125693.89406480709
147,73500.0,13,1.0,1.5,0.0032076705170250297,0.008019176292562574,1.4999979550963651,124714.22970193315
148,74000.0,13,1.0,1.5,0.0031828379953295237,0.00795709498832381,1.499998299409292,123748.74125841187
149,74500.0,13,1.0,1.5,0.0031583624036751606,0.007895906009187902,1.4999985875148565,122797.13025489026
150,75000.0,13,1.0,1.5,0.0031342362766384143,0.007835590691596036,1.4999988282765888,121859.10643570156
151,75500.0,13,1.0,1.5,0.003110452353126884,0.007776130882817211,1.4999990292141046,120934.38748957326
152,76000.0,13,1.0,1.5,0.003087003569485263,0.007717508923713157,1.4999991966978294,120022.69878158701
153,76500.0,13,1.0,1.5,0.0030638830528772333,0.0076597076321930834,1.4999993361169894,119123.77309586681
154,77000.0,13,1.0,1.5,0.0030410841149305446,0.007602710287326361,1.4999994520242987,118237.35038849957
155,77500.0,13,1.0,1.5,0.003018600245633179,0.007546500614082947,1.4999995482603832,117363.177550218
156,78000.0,13,1.0,1.5,0.0029964251074691486,0.007491062768672872,1.4999996280605972,116501.0081784005
157,78500.0,13,1.0,1.5,0.002974552529783058,0.0074363813244576445,1.499999694146587,115650.6023579653
158,79000.0,13,1.0,1.5,0.002952976503363114,0.007382441258407786,1.4999997488046444,114811.72645075788
159,79500.0,13,1.0,1.5,0.002931691175232817,0.007329227938082043,1.4999997939526606,113984.15289305193
160,80000.0,13,1.0,1.5,0.0029106908436420304,0.007276727109105076,1.499999831197238,113167.66000080215
161,80500.0,13,1.0,1.5,0.0028899699532486155,0.007224924883121538,1.499999861882338,112362.03178230618
162,81000.0,13,1.0,1.5,0.0028695230904822637,0.007173807726205659,1.499999887130651,111567.0577579504
163,81500.0,13,1.0,1.5,0.0028493449790825518,0.007123362447706379,1.4999999078787223,110782.53278672963
164,82000.0,13,1.0,1.5,0.002829430475803666,0.007073576189509165,1.4999999249067297,110008.25689924652
165,82500.0,13,1.0,1.5,0.0028097745662785958,0.00702443641569649,1.499999938863691,109244.0351369118
166,83000.0,13,1.0,1.5,0.0027903723610359587,0.006975930902589897,1.4999999502887658,108489.67739707806
167,83500.0,13,1.0,1.5,0.002771219091662944,0.006928047729157359,1.4999999596292326,107744.99828385524
168,84000.0,13,1.0,1.5,0.002752310107108185,0.0068807752677704625,1.4999999672556332,107009.81696436623
169,84500.0,13,1.0,1.5,0.0027336408701186597,0.0068341021752966495,1.4999999734745157,106283.9570302135
170,85000.0,13,1.0,1.5,0.0027152069538050006,0.006788017384512502,1.4999999785391371,105567.24636393842
171,85500.0,13,1.0,1.5,0.0026970040383298803,0.006742510095824701,1.4999999826584398,104859.51701026576
172,86000.0,13,1.0,1.5,0.0026790279077143517,0.006697569769285879,1.4999999860045687,104160.60505193399
173,86500.0,13,1.0,1.5,0.0026612744467573116,0.006653186116893279,1.4999999887191575,103470.35048992428
174,87000.0,13,1.0,1.5,0.002643739638063438,0.006609349095158595,1.4999999909185766,102788.59712790647
175,87500.0,13,1.0,1.5,0.002626419559175193,0.006566048897937983,1.4999999926983092,102115.19246073152
176,88000.0,13,1.0,1.5,0.0026093103798046856,0.006523275949511714,1.4999999941365925,101449.98756680619
177,88500.0,13,1.0,1.5,0.002592408359161357,0.006481020897903393,1.4999999952974452,100792.83700419357
178,89000.0,13,1.0,1.5,0.0025757098433716753,0.006439274608429188,1.4999999962331807,100143.59871029074
179,89500.0,13,1.0,1.5,0.0025592112629871633,0.0063980281574679086,1.4999999969864888,99502.13390494091
180,90000.0,13,1.0,1.5,0.002542909130577267,0.006357272826443168,1.4999999975921579,98868.30699684414
181,90500.0,13,1.0,1.5,0.0025268000384037256,0.006317000096009314,1.4999999980785004,98241.98549313685
182,91000.0,13,1.0,1.5,0.002510880656173254,0.006277201640433135,1.4999999984685255,97623.0399120161
183,91500.0,13,1.0,1.5,0.0024951477288654884,0.006237869322163721,1.4999999987809085,97011.34369829019
184,92000.0,13,1.0,1.5,0.002479598074633275,0.006198995186583188,1.4999999990307853,96406.77314174174
185,92500.0,13,1.0,1.5,0.0024642285827725288,0.006160571456931322,1.4999999992304074,95809.2072981959
186,93000.0,13,1.0,1.5,0.002449036211758979,0.006122590529397448,1.4999999993896782,95218.52791318911
187,93500.0,13,1.0,1.5,0.002434017987349272,0.00608504496837318,1.4999999995165918,94634.6193481397
188,94000.0,13,1.0,1.5,0.002419171000743976,0.00604792750185994,1.4999999996175928,94057.36850892579
189,94500.0,13,1.0,1.5,0.0024044924068101657,0.006011231017025415,1.4999999996978688,93486.66477677926
190,95000.0,13,1.0,1.5,0.0023899794223613442,0.0059749485559033606,1.4999999997615914,92922.39994140906
191,95500.0,13,1.0,1.5,0.002375629324492569,0.005939073311231422,1.4999999998121092,92364.46813627108
192,96000.0,13,1.0,1.5,0.002361439448968729,0.005903598622421822,1.4999999998521074,91812.76577590416
193,96500.0,13,1.0,1.5,0.0023474071886640103,0.005868517971660026,1.4999999998837363,91267.19149525673
194,97000.0,13,1.0,1.5,0.002333529992050676,0.0058338249801266895,1.499999999908715,90727.64609093027
195,97500.0,13,1.0,1.5,0.0023198053617353486,0.005799513404338371,1.4999999999284168,90194.03246427035
196,98000.0,13,1.0,1.5,0.0023062308530410764,0.005765577132602691,1.4999999999439364,89666.25556623706
197,98500.0,13,1.0,1.5,0.0022928040726335206,0.005732010181583801,1.4999999999561462,89144.22234399128
198,99000.0,13,1.0,1.5,0.0022795226771896815,0.005698806692974204,1.4999999999657398,88627.84168913482
199,99500.0,13,1.0,1.5,0.002266384372107636,0.00566596093026909,1.499999999973268,88117.0243875449
200,100000.0,13,1.0,1.5,0.0022533869102558243,0.005633467275639561,1.4999999999791682,87611.68307074647
201,100500.0,13,1.0,1.5,0.0022405280907604875,0.005601320226901219,1.4999999999837863,87111.73216876776
202,101000.0,13,1.0,1.5,0.0022278057578299067,0.005569514394574766,1.4999999999873963,86617.08786442677
203,101500.0,13,1.0,1.5,0.002215217799614152,0.00553804449903538,1.499999999990215,86127.66804899822
204,102000.0,13,1.0,1.5,0.002202762147099103,0.005506905367747757,1.4999999999924125,85643.39227921313
205,102500.0,13,1.0,1.5,0.0021904367730335443,0.005476091932583861,1.499999999994124,85164.1817355442
206,103000.0,13,1.0,1.5,0.0021782396908881976,0.005445599227220494,1.4999999999954552,84689.95918173312
207,103500.0,13,1.0,1.5,0.0021661689538455845,0.005415422384613962,1.499999999996489,84220.64892551633
208,104000.0,13,1.0,1.5,0.002154222653819672,0.00538555663454918,1.4999999999972913,83756.17678050886
209,104500.0,13,1.0,1.5,0.002142398920504271,0.005355997301260677,1.4999999999979128,83296.47002920606
210,105000.0,13,1.0,1.5,0.0021306959204492304,0.005326739801123076,1.4999999999983937,82841.45738706608
211,105500.0,13,1.0,1.5,0.0021191118561634686,0.005297779640408671,1.4999999999987654,82391.06896763566
212,106000.0,13,1.0,1.5,0.002107644965243956,0.00526911241310989,1.499999999999052,81945.23624868502
213,106500.0,13,1.0,1.5,0.0020962935195297677,0.005240733798824419,1.4999999999992732,81503.89203931736
214,107000.0,13,1.0,1.5,0.0020850558242803802,0.005212639560700951,1.4999999999994436,81066.9704480212
215,107500.0,13,1.0,1.5,0.0020739302173774033,0.005184825543443508,1.4999999999995743,80634.40685163344
216,108000.0,13,1.0,1.5,0.0020629150685489745,0.005157287671372436,1.499999999999675,80206.13786518412
217,108500.0,13,1.0,1.5,0.0020520087786160737,0.005130021946540184,1.499999999999752,79782.10131259296
218,109000.0,13,1.0,1.5,0.002041209778760037,0.005103024446900093,1.499999999999811,79362.23619819025
219,109500.0,13,1.0,1.5,0.002030516529810583,0.005076291324526458,1.4999999999998561,78946.48267903547
220,110000.0,13,1.0,1.5,0.0020199275215536886,0.0050498188038842215,1.4999999999998908,78534.78203800743
221,110500.0,13,1.0,1.5,0.0020094412720586667,0.005023603180146666,1.499999999999917,78127.07665764095
222,111000.0,13,1.0,1.5,0.0019990563270238363,0.004997640817559591,1.499999999999937,77723.30999468676
223,111500.0,13,1.0,1.5,0.001988771259140188,0.00497192814785047,1.4999999999999525,77323.42655537052
224,112000.0,13,1.0,1.5,0.0019785846674724703,0.004946461668681176,1.499999999999964,76927.37187132964
225,112500.0,13,1.0,1.5,0.001968495176857149,0.004921237942142873,1.499999999999973,76535.09247620596
226,113000.0,13,1.0,1.5,0.0019585014373167016,0.004896253593291754,1.4999999999999796,76146.53588287336
227,113500.0,13,1.0,1.5,0.0019486021234897408,0.004871505308724352,1.4999999999999845,75761.65056128112
228,114000.0,13,1.0,1.5,0.0019387959340764625,0.004846989835191156,1.4999999999999885,75380.38591689286
229,114500.0,13,1.0,1.5,0.001929081591298952,0.00482270397824738,1.4999999999999911,75002.69226970326
230,115000.0,13,1.0,1.5,0.0019194578403758807,0.004798644600939702,1.4999999999999936,74628.52083381424
231,115500.0,13,1.0,1.5,0.0019099234490111486,0.0047748086225278714,1.4999999999999951,74257.82369755345
232,116000.0,13,1.0,1.5,0.0019004772068960483,0.004751193017240121,1.4999999999999964,73890.55380411836
233,116500.0,13,1.0,1.5,0.0018911179252245355,0.004727794813061339,1.4999999999999971,73526.66493272994
234,117000.0,13,1.0,1.5,0.001881844436221204,0.0047046110905530104,1.499999999999998,73166.11168028042
235,117500.0,13,1.0,1.5,0.001872655592681581,0.004681638981703953,1.4999999999999984,72808.84944345988
236,118000.0,13,1.0,1.5,0.0018635502675243727,0.004658875668810932,1.499999999999999,72454.83440134762
237,118500.0,13,1.0,1.5,0.001854527353355296,0.00463631838338824,1.4999999999999991,72104.0234984539
238,119000.0,13,1.0,1.5,0.0018455857620421569,0.004613964405105392,1.4999999999999993,71756.37442819905
239,119500.0,13,1.0,1.5,0.0018367244243008272,0.004591811060752068,1.4999999999999996,71411.84561681616
240,120000.0,13,1.0,1.5,0.0018279422892918105,0.004569855723229526,1.4999999999999996,71070.39620766559
